Job Title,Company Name,Location,Date Posted,Job URL
Senior Backend Golang Engineer,Hippo Technologies,ğŸŒ Worldwide,2025-01-18T00:00:05+00:00,https://remoteok.io/remote-jobs/remote-senior-backend-golang-engineer-hippo-technologies-903469
Senior Backend Engineer,Composer Technologies,ğŸŒ North America,2025-01-17T00:00:04+00:00,https://remoteok.io/remote-jobs/remote-senior-backend-engineer-composer-technologies-1062093
Developer,Stoneridge Software,"Minneapolis, MN",2025-01-22T23:00:04+00:00,https://remoteok.io/remote-jobs/remote-developer-stoneridge-software-1069448
Senior Full stack Developer,Lemon.io,ğŸ’° $60k - $120k,2025-01-22T12:10:32+00:00,https://remoteok.io/remote-jobs/remote-senior-full-stack-developer-lemon-io-1069348
Backend Engineer,Amondo,ğŸŒ Worldwide,2025-01-21T18:42:38+00:00,https://remoteok.io/remote-jobs/remote-backend-engineer-amondo-1069209
Frontend Engineer,Amondo,ğŸŒ Worldwide,2025-01-21T18:29:45+00:00,https://remoteok.io/remote-jobs/remote-frontend-engineer-amondo-1069207
Principal Engineer,Ideaflow,ğŸŒ Worldwide,2025-01-11T01:28:40+00:00,https://remoteok.io/remote-jobs/remote-principal-engineer-ideaflow-1066514
Full Stack Engineer,ResumeDive,ğŸŒ Worldwide,2025-01-09T00:00:06+00:00,https://remoteok.io/remote-jobs/remote-full-stack-engineer-resumedive-991115
Security & Risk Engineer US based,Buoy Software,ğŸ’° $60k - $103k*,2025-01-12T13:00:03+00:00,https://remoteok.io/remote-jobs/remote-security-amp-risk-engineer-us-based-buoy-software-1067257
Salesforce Architect,HockeyStack,ğŸŒ Worldwide,2025-01-09T01:54:55+00:00,https://remoteok.io/remote-jobs/remote-salesforce-architect-hockeystack-1066127
React Frontend developer,Espresso labs,ğŸŒ Worldwide,2025-01-08T22:33:37+00:00,https://remoteok.io/remote-jobs/remote-react-frontend-developer-espresso-labs-1066100
Full Stack React Engineer,Dock,ğŸ‡®ğŸ‡³ India,2025-01-01T00:00:06+00:00,https://remoteok.io/remote-jobs/remote-full-stack-react-engineer-dock-1059078
Software Engineer,Jump,ğŸ‡ºğŸ‡¸ United States,2025-01-02T00:00:06+00:00,https://remoteok.io/remote-jobs/remote-software-engineer-jump-1059244
Intermediate Angular Developer,Revelator,ğŸ‡ªğŸ‡º Europe,2024-12-27T00:00:06+00:00,https://remoteok.io/remote-jobs/remote-intermediate-angular-developer-revelator-1058054
Front End lead developer,emmacare.com,ğŸ‡ªğŸ‡º Europe,2024-12-16T22:03:09+00:00,https://remoteok.io/remote-jobs/remote-front-end-lead-developer-emmacare-com-1061740
Backend Engineer,Flourish Software,ğŸŒ Probably worldwide,2024-11-25T15:15:02+00:00,https://remoteok.io/remote-jobs/remote-backend-engineer-flourish-software-1056411
Wordpress Developer,BBE Marketing,ğŸŒ Worldwide,2024-11-11T21:54:03+00:00,https://remoteok.io/remote-jobs/remote-wordpress-developer-bbe-marketing-1036553
Software Engineer Backend,BrowserStack Software Private Limited,Mumbai,2024-10-16T15:00:04+00:00,https://remoteok.io/remote-jobs/remote-software-engineer-backend-browserstack-software-private-limited-998520
Technical Support Engineer Developer,LimeSurvey,ğŸ‡ªğŸ‡º Europe,2024-10-05T00:00:03+00:00,https://remoteok.io/remote-jobs/remote-technical-support-engineer-developer-limesurvey-925464
